customer_id,plan,monthly_spend,months_active
C00001,Business,195.19,34
C00002,Starter,22.87,2
C00003,Business,46.79,6
C00004,Starter,20.81,39
C00005,Free,26.97,31
C00006,Enterprise,29.68,9
C00007,Business,22.49,21
C00008,Business,22.56,3
C00009,Free,40.7,32
C00010,Starter,20.27,36
C00011,Starter,77.28,14
C00012,Business,24.62,17
C00013,Starter,277.61,12
C00014,Business,33.33,19
C00015,Starter,46.84,13
C00016,Free,19.26,12
C00017,Starter,135.5,21
C00018,Free,92.54,41
C00019,Business,54.22,36
C00020,Starter,18.63,14
C00021,Business,51.26,45
C00022,Starter,21.56,10
C00023,Enterprise,115.65,43
C00024,Business,75.64,15
C00025,Business,47.56,26
C00026,Free,9.17,10
C00027,Starter,23.59,36
C00028,Free,69.9,15
C00029,Free,98.33,42
C00030,Starter,91.92,4
C00031,Business,15.88,24
C00032,Enterprise,54.38,8
C00033,Starter,86.49,42
C00034,Starter,15.21,20
C00035,Starter,44.47,32
C00036,Free,53.41,42
C00037,Free,36.76,26
C00038,Starter,13.41,3
C00039,Free,36.17,11
C00040,Starter,36.13,10
C00041,Starter,40.6,43
C00042,Business,30.99,43
C00043,Business,33.52,23
C00044,Starter,43.56,42
C00045,Business,59.6,12
C00046,Business,36.68,32
C00047,Starter,34.25,19
C00048,Free,47.47,12
C00049,Starter,12.83,12
C00050,Free,60.95,20
C00051,Free,44.68,16
C00052,Free,45.87,10
C00053,Business,83.47,16
C00054,Starter,12.56,7
C00055,Business,12.39,46
C00056,Business,53.41,18
C00057,Starter,44.49,6
C00058,Starter,49.93,28
C00059,Free,33.1,42
C00060,Free,68.84,17
C00061,Starter,81.96,40
C00062,Starter,61.23,29
C00063,Starter,37.73,35
C00064,Business,11.36,14
C00065,Starter,73.7,2
C00066,Starter,98.9,17
C00067,Starter,67.96,44
C00068,Starter,25.24,38
C00069,Free,69.27,37
C00070,Starter,78.21,42
C00071,Free,123.13,18
C00072,Starter,25.29,16
C00073,Business,38.58,44
C00074,Free,72.66,27
C00075,Free,46.4,15
C00076,Free,21.62,14
C00077,Free,58.53,42
C00078,Starter,65.11,3
C00079,Starter,47.33,3
C00080,Business,51.56,35
C00081,Starter,37.78,1
C00082,Starter,116.85,9
C00083,Business,24.89,47
C00084,Free,30.52,21
C00085,Free,45.02,35
C00086,Free,79.15,23
C00087,Business,16.89,5
C00088,Starter,19.07,9
C00089,Free,11.89,36
C00090,Starter,45.66,5
C00091,Free,21.61,28
C00092,Starter,34.81,17
C00093,Starter,68.71,18
C00094,Starter,29.46,45
C00095,Starter,51.95,29
C00096,Starter,36.8,29
C00097,Starter,69.19,17
C00098,Free,60.88,18
C00099,Free,28.51,33
C00100,Enterprise,40.06,2
C00101,Business,88.1,12
C00102,Starter,57.73,29
C00103,Free,18.03,30
C00104,Enterprise,68.45,5
C00105,Business,22.09,38
C00106,Business,111.96,26
C00107,Starter,86.98,12
C00108,Free,53.97,36
C00109,Free,49.51,47
C00110,Business,39.02,20
C00111,Starter,69.48,14
C00112,Free,35.13,15
C00113,Starter,52.1,28
C00114,Starter,78.79,3
C00115,Free,31.03,23
C00116,Business,29.95,2
C00117,Business,20.57,2
C00118,Business,22.38,21
C00119,Starter,13.62,36
C00120,Starter,71.84,42
C00121,Starter,144.86,5
C00122,Starter,112.9,12
C00123,Free,15.53,20
C00124,Starter,71.6,27
C00125,Free,112.66,47
C00126,Starter,33.22,33
C00127,Starter,47.75,26
C00128,Free,12.12,3
C00129,Free,53.16,4
C00130,Starter,22.39,8
C00131,Free,50.89,32
C00132,Business,16.2,16
C00133,Starter,63.62,12
C00134,Starter,87.0,32
C00135,Starter,26.87,39
C00136,Free,21.35,21
C00137,Enterprise,11.01,42
C00138,Starter,37.59,35
C00139,Business,30.63,34
C00140,Free,16.31,41
C00141,Starter,60.01,9
C00142,Starter,33.37,36
C00143,Enterprise,22.22,46
C00144,Starter,31.17,47
C00145,Starter,89.69,28
C00146,Free,66.15,36
C00147,Starter,41.08,42
C00148,Starter,66.85,41
C00149,Starter,21.02,43
C00150,Free,45.65,40
C00151,Business,49.19,18
C00152,Business,32.94,35
C00153,Free,59.33,20
C00154,Starter,26.92,38
C00155,Free,62.26,39
C00156,Starter,63.99,44
C00157,Free,6.71,28
C00158,Starter,96.9,23
C00159,Business,6.17,8
C00160,Business,29.95,30
C00161,Free,87.05,27
C00162,Business,36.37,25
C00163,Free,17.24,32
C00164,Free,21.96,40
C00165,Starter,87.14,7
C00166,Starter,12.82,21
C00167,Business,93.12,34
C00168,Business,43.13,39
C00169,Starter,20.59,37
C00170,Enterprise,30.6,38
C00171,Free,23.08,41
C00172,Starter,78.5,46
C00173,Free,71.96,29
C00174,Enterprise,14.62,12
C00175,Free,34.39,27
C00176,Free,25.51,34
C00177,Starter,103.63,5
C00178,Enterprise,18.59,36
C00179,Business,126.82,26
C00180,Business,43.74,45
C00181,Business,21.0,10
C00182,Business,28.78,43
C00183,Starter,26.55,22
C00184,Starter,19.52,27
C00185,Business,47.54,32
C00186,Starter,20.12,28
C00187,Starter,10.83,43
C00188,Free,34.93,8
C00189,Business,13.85,35
C00190,Free,27.42,46
C00191,Enterprise,24.76,11
C00192,Free,25.37,12
C00193,Free,164.12,23
C00194,Business,46.37,35
C00195,Free,52.43,46
C00196,Free,14.09,38
C00197,Starter,29.22,38
C00198,Business,51.42,21
C00199,Free,22.97,31
C00200,Starter,80.66,10
C00201,Business,20.46,22
C00202,Enterprise,37.11,9
C00203,Starter,30.54,2
C00204,Free,49.74,41
C00205,Free,29.48,38
C00206,Free,37.48,25
C00207,Free,38.34,1
C00208,Starter,27.73,5
C00209,Free,61.27,6
C00210,Starter,52.19,34
C00211,Starter,42.2,10
C00212,Starter,33.79,12
C00213,Free,75.02,41
C00214,Business,38.35,42
C00215,Business,36.62,36
C00216,Business,47.85,15
C00217,Free,134.66,28
C00218,Free,18.7,10
C00219,Business,73.73,41
C00220,Starter,13.06,4
C00221,Starter,51.48,35
C00222,Starter,124.44,25
C00223,Starter,61.41,36
C00224,Enterprise,49.94,22
C00225,Free,31.05,8
C00226,Business,45.61,36
C00227,Free,37.95,30
C00228,Starter,26.82,22
C00229,Starter,37.02,18
C00230,Free,50.85,17
C00231,Free,27.15,23
C00232,Starter,26.47,13
C00233,Enterprise,18.46,14
C00234,Starter,57.63,14
C00235,Enterprise,63.72,1
C00236,Business,51.97,44
C00237,Starter,83.71,12
C00238,Business,47.33,8
C00239,Free,57.67,8
C00240,Free,54.46,47
C00241,Business,42.12,23
C00242,Business,31.66,16
C00243,Free,188.52,19
C00244,Starter,33.32,5
C00245,Starter,29.0,15
C00246,Business,59.27,12
C00247,Starter,52.65,38
C00248,Starter,17.94,3
C00249,Starter,92.73,20
C00250,Starter,42.05,38
C00251,Starter,21.71,40
C00252,Business,96.81,25
C00253,Starter,67.13,11
C00254,Free,19.65,16
C00255,Free,141.91,11
C00256,Business,68.59,32
C00257,Business,44.41,14
C00258,Free,125.67,30
C00259,Free,49.58,31
C00260,Starter,43.89,45
C00261,Free,29.1,18
C00262,Business,65.25,46
C00263,Starter,60.93,19
C00264,Free,45.13,32
C00265,Business,26.75,32
C00266,Free,48.64,39
C00267,Free,42.72,23
C00268,Free,18.79,38
C00269,Free,17.17,17
C00270,Free,64.54,24
C00271,Free,8.24,24
C00272,Free,51.09,34
C00273,Free,32.76,30
C00274,Starter,104.62,4
C00275,Starter,32.44,39
C00276,Starter,68.63,36
C00277,Starter,34.54,5
C00278,Starter,48.13,46
C00279,Business,72.16,32
C00280,Business,33.09,4
C00281,Free,85.44,24
C00282,Free,23.43,40
C00283,Free,54.14,14
C00284,Free,81.43,44
C00285,Starter,68.65,20
C00286,Starter,155.35,11
C00287,Free,27.21,17
C00288,Starter,18.24,25
C00289,Starter,23.42,33
C00290,Free,68.67,44
C00291,Business,61.78,10
C00292,Free,47.77,46
C00293,Business,21.54,25
C00294,Free,73.59,7
C00295,Business,20.16,44
C00296,Business,94.95,17
C00297,Enterprise,286.38,30
C00298,Business,56.72,33
C00299,Business,65.3,1
C00300,Starter,32.45,11
C00301,Business,13.78,33
C00302,Free,30.21,16
C00303,Starter,21.97,1
C00304,Starter,17.45,2
C00305,Business,136.94,39
C00306,Starter,53.38,8
C00307,Starter,57.21,5
C00308,Starter,36.57,27
C00309,Free,39.95,6
C00310,Free,83.68,31
C00311,Starter,43.77,26
C00312,Starter,63.11,31
C00313,Free,39.35,24
C00314,Starter,35.79,37
C00315,Starter,17.91,31
C00316,Starter,12.36,20
C00317,Starter,37.71,1
C00318,Starter,46.37,13
C00319,Free,19.38,7
C00320,Enterprise,43.71,1
C00321,Business,46.29,13
C00322,Starter,11.01,10
C00323,Starter,24.66,4
C00324,Starter,58.25,15
C00325,Business,57.49,24
C00326,Starter,21.12,9
C00327,Business,49.55,13
C00328,Starter,86.88,1
C00329,Starter,74.08,3
C00330,Free,42.02,8
C00331,Business,32.98,22
C00332,Free,29.69,32
C00333,Starter,60.59,38
C00334,Business,50.75,30
C00335,Free,67.3,29
C00336,Starter,48.7,44
C00337,Free,76.11,13
C00338,Business,47.54,38
C00339,Free,74.44,45
C00340,Enterprise,78.73,27
C00341,Free,26.5,40
C00342,Enterprise,13.8,7
C00343,Business,121.91,42
C00344,Starter,52.82,27
C00345,Business,14.67,11
C00346,Business,28.11,3
C00347,Enterprise,73.83,34
C00348,Free,37.27,21
C00349,Starter,32.05,15
C00350,Free,111.12,19
C00351,Starter,22.63,47
C00352,Free,26.61,21
C00353,Starter,51.29,4
C00354,Starter,57.62,14
C00355,Starter,61.72,7
C00356,Starter,80.83,33
C00357,Business,50.86,38
C00358,Business,61.44,40
C00359,Starter,37.77,30
C00360,Starter,46.56,37
C00361,Enterprise,47.94,20
C00362,Free,51.41,30
C00363,Free,73.86,6
C00364,Free,64.13,26
C00365,Starter,46.0,27
C00366,Starter,26.42,2
C00367,Business,46.71,26
C00368,Starter,43.89,34
C00369,Starter,50.68,18
C00370,Business,187.59,26
C00371,Business,31.8,14
C00372,Free,58.82,13
C00373,Starter,89.52,7
C00374,Starter,47.64,16
C00375,Free,204.3,38
C00376,Free,34.96,44
C00377,Enterprise,55.18,30
C00378,Starter,26.6,30
C00379,Starter,35.57,29
C00380,Business,52.55,23
C00381,Starter,77.49,20
C00382,Enterprise,55.0,30
C00383,Business,101.33,37
C00384,Starter,42.03,20
C00385,Starter,36.02,27
C00386,Enterprise,259.2,23
C00387,Business,57.76,14
C00388,Enterprise,28.0,14
C00389,Free,28.47,4
C00390,Business,24.22,21
C00391,Starter,82.17,34
C00392,Free,35.27,33
C00393,Starter,48.56,47
C00394,Starter,42.89,2
C00395,Free,71.91,36
C00396,Starter,25.78,38
C00397,Business,22.22,21
C00398,Free,51.72,14
C00399,Starter,66.06,17
C00400,Starter,55.49,33
C00401,Starter,26.41,41
C00402,Business,69.43,31
C00403,Business,27.56,25
C00404,Free,31.85,31
C00405,Enterprise,24.2,4
C00406,Business,104.14,29
C00407,Free,67.47,2
C00408,Business,66.24,46
C00409,Free,100.55,42
C00410,Enterprise,278.17,24
C00411,Starter,14.72,18
C00412,Starter,27.66,35
C00413,Free,29.95,30
C00414,Business,25.71,34
C00415,Free,22.19,25
C00416,Free,36.79,12
C00417,Free,20.27,4
C00418,Business,55.58,14
C00419,Free,46.23,25
C00420,Business,61.11,20
C00421,Starter,62.18,24
C00422,Free,66.15,14
C00423,Free,35.07,45
C00424,Free,177.46,18
C00425,Starter,52.06,40
C00426,Business,13.32,19
C00427,Free,23.3,21
C00428,Business,14.42,29
C00429,Free,45.21,13
C00430,Business,41.3,11
C00431,Business,32.97,18
C00432,Business,165.19,38
C00433,Starter,63.87,7
C00434,Business,71.66,21
C00435,Free,24.41,32
C00436,Free,23.35,34
C00437,Free,45.78,21
C00438,Starter,50.02,4
C00439,Business,13.38,1
C00440,Starter,39.76,23
C00441,Business,45.11,39
C00442,Free,38.87,2
C00443,Business,26.35,42
C00444,Free,31.48,32
C00445,Free,39.85,1
C00446,Business,47.42,17
C00447,Enterprise,66.23,11
C00448,Starter,90.25,45
C00449,Free,36.92,27
C00450,Starter,33.23,16
C00451,Free,59.41,14
C00452,Business,66.49,27
C00453,Business,33.71,1
C00454,Free,74.72,13
C00455,Free,84.5,8
C00456,Free,103.5,30
C00457,Enterprise,142.01,32
C00458,Starter,25.45,22
C00459,Business,45.11,7
C00460,Starter,45.03,18
C00461,Starter,41.94,40
C00462,Free,29.31,10
C00463,Enterprise,17.02,8
C00464,Starter,47.48,6
C00465,Starter,27.13,39
C00466,Starter,47.27,6
C00467,Starter,26.68,28
C00468,Enterprise,21.87,47
C00469,Free,52.05,31
C00470,Starter,49.31,20
C00471,Starter,65.14,10
C00472,Starter,185.08,1
C00473,Free,53.53,8
C00474,Free,61.27,45
C00475,Free,22.19,7
C00476,Starter,19.37,1
C00477,Starter,125.07,39
C00478,Starter,24.53,20
C00479,Starter,22.68,17
C00480,Starter,43.58,34
C00481,Starter,42.16,25
C00482,Free,24.86,43
C00483,Starter,36.66,22
C00484,Starter,99.39,34
C00485,Free,26.47,42
C00486,Starter,18.07,22
C00487,Starter,82.49,14
C00488,Free,61.56,46
C00489,Starter,29.86,11
C00490,Starter,15.98,2
C00491,Business,27.55,28
C00492,Starter,43.14,47
C00493,Starter,95.36,5
C00494,Starter,22.79,40
C00495,Business,42.31,40
C00496,Starter,69.33,44
C00497,Starter,9.51,20
C00498,Starter,87.53,12
C00499,Starter,20.73,25
C00500,Starter,55.47,7
C00501,Business,52.48,40
C00502,Business,90.47,32
C00503,Business,63.95,23
C00504,Starter,9.53,25
C00505,Starter,26.84,34
C00506,Business,48.9,25
C00507,Starter,39.38,40
C00508,Business,60.97,44
C00509,Starter,74.67,45
C00510,Free,66.39,30
C00511,Free,38.89,35
C00512,Business,13.46,15
C00513,Free,33.25,2
C00514,Free,58.59,19
C00515,Starter,22.0,41
C00516,Free,67.38,7
C00517,Starter,80.68,26
C00518,Business,48.54,10
C00519,Free,6.1,21
C00520,Business,19.48,7
C00521,Business,152.33,35
C00522,Starter,31.34,39
C00523,Free,12.31,36
C00524,Starter,99.77,34
C00525,Free,45.09,12
C00526,Starter,91.67,25
C00527,Enterprise,53.52,5
C00528,Enterprise,60.22,18
C00529,Business,56.6,24
C00530,Starter,70.34,32
C00531,Starter,196.43,5
C00532,Business,84.03,39
C00533,Starter,16.0,22
C00534,Starter,59.76,42
C00535,Free,93.87,25
C00536,Free,97.69,26
C00537,Starter,33.88,33
C00538,Free,95.32,39
C00539,Free,81.7,8
C00540,Business,237.97,25
C00541,Enterprise,27.45,2
C00542,Starter,32.14,23
C00543,Business,36.64,39
C00544,Enterprise,32.5,41
C00545,Free,25.07,14
C00546,Starter,7.42,19
C00547,Starter,33.7,26
C00548,Free,56.83,19
C00549,Business,32.44,9
C00550,Starter,157.28,15
C00551,Starter,45.09,19
C00552,Free,103.46,25
C00553,Free,52.98,44
C00554,Business,76.49,26
C00555,Free,53.6,19
C00556,Free,108.82,32
C00557,Free,46.36,37
C00558,Starter,61.71,21
C00559,Starter,56.72,23
C00560,Starter,37.06,11
C00561,Free,58.16,41
C00562,Free,191.01,41
C00563,Business,37.5,9
C00564,Starter,58.71,17
C00565,Starter,101.25,13
C00566,Starter,93.8,44
C00567,Business,45.04,4
C00568,Free,9.5,10
C00569,Starter,62.54,15
C00570,Starter,10.56,27
C00571,Starter,116.22,12
C00572,Business,49.91,26
C00573,Starter,85.61,36
C00574,Business,24.87,39
C00575,Business,16.3,5
C00576,Starter,52.96,7
C00577,Business,43.74,5
C00578,Starter,32.48,43
C00579,Business,47.23,31
C00580,Starter,270.11,25
C00581,Starter,76.9,38
C00582,Starter,88.43,28
C00583,Free,77.37,12
C00584,Starter,116.94,24
C00585,Business,39.51,34
C00586,Starter,11.76,2
C00587,Free,39.54,29
C00588,Starter,75.76,24
C00589,Free,23.8,4
C00590,Free,39.86,13
C00591,Business,28.51,22
C00592,Starter,118.67,17
C00593,Starter,72.76,14
C00594,Starter,68.27,31
C00595,Free,66.96,20
C00596,Free,43.63,24
C00597,Business,50.83,38
C00598,Starter,20.69,5
C00599,Enterprise,10.79,17
C00600,Starter,49.28,4
C00601,Starter,55.18,44
C00602,Business,98.1,9
C00603,Business,124.13,39
C00604,Business,124.03,9
C00605,Enterprise,23.37,16
C00606,Business,35.55,29
C00607,Business,61.08,40
C00608,Free,231.77,9
C00609,Business,116.99,11
C00610,Starter,92.54,42
C00611,Starter,34.74,16
C00612,Starter,25.18,10
C00613,Enterprise,74.65,35
C00614,Enterprise,21.86,5
C00615,Free,38.28,41
C00616,Business,41.49,42
C00617,Business,125.89,41
C00618,Starter,35.5,14
C00619,Free,9.16,6
C00620,Free,62.05,20
C00621,Business,28.38,16
C00622,Starter,45.96,46
C00623,Enterprise,42.25,30
C00624,Starter,37.42,45
C00625,Enterprise,74.72,36
C00626,Starter,16.5,34
C00627,Business,31.94,6
C00628,Free,69.73,4
C00629,Starter,29.99,3
C00630,Business,15.71,28
C00631,Business,69.03,10
C00632,Business,92.76,47
C00633,Free,43.41,7
C00634,Starter,12.5,45
C00635,Free,70.73,32
C00636,Free,15.2,5
C00637,Starter,54.64,3
C00638,Business,25.11,19
C00639,Business,21.03,16
C00640,Business,33.54,15
C00641,Business,39.68,25
C00642,Business,29.41,7
C00643,Free,65.54,7
C00644,Free,33.45,33
C00645,Starter,84.53,47
C00646,Business,53.67,13
C00647,Free,28.41,44
C00648,Starter,25.46,17
C00649,Starter,15.32,16
C00650,Free,54.0,5
C00651,Starter,35.5,20
C00652,Business,9.56,24
C00653,Starter,31.56,32
C00654,Free,24.89,8
C00655,Business,124.49,9
C00656,Starter,14.78,21
C00657,Business,17.52,4
C00658,Free,91.97,7
C00659,Starter,107.97,30
C00660,Starter,27.54,45
C00661,Free,29.64,27
C00662,Business,66.72,7
C00663,Free,9.85,47
C00664,Free,13.33,25
C00665,Starter,37.25,34
C00666,Business,122.42,10
C00667,Business,33.68,28
C00668,Enterprise,47.73,4
C00669,Free,93.41,30
C00670,Starter,175.82,10
C00671,Free,30.72,43
C00672,Starter,44.21,3
C00673,Enterprise,146.11,31
C00674,Business,16.62,7
C00675,Starter,87.18,33
C00676,Starter,23.06,24
C00677,Business,47.78,46
C00678,Starter,38.18,31
C00679,Free,23.98,18
C00680,Starter,23.59,5
C00681,Free,53.5,29
C00682,Free,85.38,21
C00683,Free,41.09,3
C00684,Starter,46.79,28
C00685,Starter,64.8,10
C00686,Starter,23.77,12
C00687,Starter,72.3,1
C00688,Enterprise,76.14,18
C00689,Business,242.83,11
C00690,Starter,35.01,4
C00691,Free,33.19,21
C00692,Business,73.69,11
C00693,Free,76.13,7
C00694,Starter,31.57,22
C00695,Business,34.4,3
C00696,Starter,63.54,47
C00697,Business,26.1,23
C00698,Starter,34.23,47
C00699,Starter,47.38,42
C00700,Free,85.4,47
C00701,Free,30.17,26
C00702,Starter,13.5,20
C00703,Free,12.86,34
C00704,Business,19.72,4
C00705,Free,19.04,40
C00706,Starter,40.43,16
C00707,Business,20.64,1
C00708,Business,28.31,12
C00709,Starter,27.03,12
C00710,Starter,33.57,1
C00711,Enterprise,105.6,32
C00712,Starter,68.74,5
C00713,Business,45.17,40
C00714,Business,33.13,22
C00715,Business,33.73,34
C00716,Free,55.31,16
C00717,Starter,65.35,7
C00718,Free,24.78,9
C00719,Starter,45.77,31
C00720,Enterprise,11.93,34
C00721,Starter,51.3,13
C00722,Starter,73.36,17
C00723,Free,37.26,45
C00724,Enterprise,145.58,41
C00725,Free,25.21,20
C00726,Free,51.49,12
C00727,Free,43.67,15
C00728,Free,41.88,26
C00729,Starter,41.5,27
C00730,Starter,47.92,9
C00731,Starter,77.57,4
C00732,Free,109.46,24
C00733,Free,44.64,38
C00734,Starter,75.94,8
C00735,Free,28.33,20
C00736,Starter,73.54,8
C00737,Free,27.24,12
C00738,Starter,90.82,29
C00739,Starter,188.09,14
C00740,Starter,41.29,13
C00741,Free,10.75,47
C00742,Free,31.3,9
C00743,Business,99.56,9
C00744,Free,64.04,44
C00745,Starter,52.55,26
C00746,Starter,86.11,3
C00747,Starter,61.25,20
C00748,Starter,98.64,27
C00749,Business,81.26,12
C00750,Business,120.19,26
C00751,Free,56.44,31
C00752,Starter,80.51,12
C00753,Free,36.61,39
C00754,Starter,30.24,22
C00755,Starter,135.56,46
C00756,Free,51.45,5
C00757,Starter,75.43,16
C00758,Enterprise,48.45,34
C00759,Free,30.53,43
C00760,Starter,45.02,11
C00761,Business,113.68,47
C00762,Free,64.13,10
C00763,Free,14.7,20
C00764,Free,38.86,15
C00765,Business,142.38,20
C00766,Free,38.9,43
C00767,Free,13.87,35
C00768,Free,153.01,38
C00769,Free,69.66,12
C00770,Starter,42.71,45
C00771,Free,35.11,21
C00772,Starter,90.34,31
C00773,Starter,31.43,33
C00774,Business,94.29,32
C00775,Free,63.59,29
C00776,Business,52.41,23
C00777,Starter,49.14,31
C00778,Free,39.9,43
C00779,Business,88.21,19
C00780,Business,25.47,25
C00781,Free,15.58,9
C00782,Business,66.65,17
C00783,Starter,67.38,37
C00784,Starter,61.08,31
C00785,Enterprise,58.27,10
C00786,Starter,36.29,26
C00787,Business,74.58,39
C00788,Starter,43.4,6
C00789,Business,32.57,3
C00790,Starter,36.5,19
C00791,Free,166.24,31
C00792,Starter,14.47,15
C00793,Starter,61.86,39
C00794,Free,15.01,40
C00795,Free,41.66,26
C00796,Starter,33.72,18
C00797,Free,11.53,2
C00798,Free,57.56,39
C00799,Business,34.92,43
C00800,Business,11.42,21
C00801,Business,77.15,25
C00802,Starter,113.61,36
C00803,Business,117.75,33
C00804,Starter,56.45,7
C00805,Free,46.06,32
C00806,Free,105.99,44
C00807,Starter,133.43,36
C00808,Free,93.39,23
C00809,Starter,24.24,25
C00810,Enterprise,50.95,13
C00811,Free,59.48,32
C00812,Free,13.79,12
C00813,Enterprise,60.65,17
C00814,Starter,195.87,13
C00815,Free,67.76,16
C00816,Business,116.48,18
C00817,Business,50.34,4
C00818,Starter,42.62,34
C00819,Starter,57.27,21
C00820,Free,26.3,45
C00821,Free,23.89,9
C00822,Starter,101.81,32
C00823,Free,109.07,9
C00824,Starter,23.47,26
C00825,Business,83.86,24
C00826,Free,42.24,22
C00827,Starter,55.75,31
C00828,Free,60.29,39
C00829,Business,85.31,15
C00830,Free,47.17,40
C00831,Starter,111.79,9
C00832,Starter,54.66,14
C00833,Starter,67.07,15
C00834,Starter,26.01,45
C00835,Business,181.84,6
C00836,Starter,60.67,19
C00837,Business,71.05,20
C00838,Enterprise,15.72,38
C00839,Starter,26.19,23
C00840,Starter,99.95,46
C00841,Free,53.86,35
C00842,Business,12.88,34
C00843,Starter,87.78,36
C00844,Starter,31.39,8
C00845,Free,111.87,22
C00846,Business,42.22,28
C00847,Starter,51.06,10
C00848,Starter,96.19,6
C00849,Free,24.94,7
C00850,Enterprise,23.44,38
C00851,Free,39.34,31
C00852,Free,76.53,14
C00853,Business,18.82,35
C00854,Business,15.12,33
C00855,Free,76.36,39
C00856,Starter,30.21,43
C00857,Business,34.64,42
C00858,Business,13.37,9
C00859,Starter,28.75,37
C00860,Starter,44.48,19
C00861,Business,81.84,19
C00862,Business,27.08,31
C00863,Business,131.28,29
C00864,Starter,28.65,20
C00865,Free,28.67,47
C00866,Business,121.42,9
C00867,Business,51.29,5
C00868,Business,31.22,2
C00869,Free,40.41,39
C00870,Free,107.72,20
C00871,Business,115.94,21
C00872,Free,26.29,31
C00873,Enterprise,43.49,21
C00874,Starter,47.4,27
C00875,Business,23.55,3
C00876,Business,43.11,8
C00877,Starter,44.86,44
C00878,Starter,93.8,22
C00879,Starter,97.99,8
C00880,Starter,36.09,18
C00881,Starter,38.9,16
C00882,Starter,68.84,13
C00883,Enterprise,30.56,14
C00884,Starter,65.54,35
C00885,Free,42.22,6
C00886,Starter,23.8,15
C00887,Starter,24.0,22
C00888,Free,114.5,26
C00889,Free,40.38,42
C00890,Starter,129.83,44
C00891,Starter,32.01,14
C00892,Enterprise,54.02,26
C00893,Free,211.71,2
C00894,Free,22.48,30
C00895,Business,13.02,8
C00896,Business,103.16,4
C00897,Free,26.12,32
C00898,Free,44.1,9
C00899,Free,30.54,23
C00900,Starter,53.21,5
C00901,Starter,24.1,36
C00902,Free,39.77,36
C00903,Free,59.88,28
C00904,Starter,23.21,40
C00905,Enterprise,28.36,21
C00906,Starter,35.67,9
C00907,Starter,17.66,8
C00908,Free,33.97,11
C00909,Free,48.29,10
C00910,Free,34.48,16
C00911,Business,37.47,11
C00912,Business,44.13,28
C00913,Business,29.19,7
C00914,Enterprise,70.05,30
C00915,Enterprise,113.68,16
C00916,Enterprise,33.05,33
C00917,Free,61.28,25
C00918,Free,38.25,43
C00919,Starter,56.69,21
C00920,Starter,123.69,14
C00921,Free,62.22,28
C00922,Business,14.12,31
C00923,Starter,60.05,21
C00924,Starter,99.62,27
C00925,Free,38.7,23
C00926,Free,85.38,15
C00927,Free,28.54,15
C00928,Business,17.02,43
C00929,Starter,49.0,32
C00930,Business,14.27,5
C00931,Free,38.25,46
C00932,Starter,103.18,34
C00933,Starter,12.92,3
C00934,Business,19.46,35
C00935,Business,22.86,28
C00936,Free,42.9,44
C00937,Enterprise,35.24,24
C00938,Free,110.99,25
C00939,Business,83.12,15
C00940,Free,61.68,16
C00941,Free,49.14,30
C00942,Business,57.72,39
C00943,Free,25.53,42
C00944,Starter,78.04,37
C00945,Starter,21.7,29
C00946,Free,76.94,24
C00947,Business,96.64,16
C00948,Business,51.27,37
C00949,Business,39.86,15
C00950,Starter,57.99,13
C00951,Starter,6.96,41
C00952,Free,54.41,28
C00953,Free,41.53,17
C00954,Free,43.25,41
C00955,Enterprise,70.76,46
C00956,Business,42.58,15
C00957,Business,21.3,25
C00958,Starter,40.78,23
C00959,Starter,46.71,33
C00960,Starter,48.17,45
C00961,Starter,49.66,26
C00962,Starter,87.85,38
C00963,Free,22.07,28
C00964,Free,50.11,42
C00965,Enterprise,103.38,20
C00966,Starter,14.48,19
C00967,Enterprise,50.24,20
C00968,Free,30.55,47
C00969,Starter,35.13,29
C00970,Free,24.83,8
C00971,Free,40.04,2
C00972,Free,147.94,25
C00973,Free,19.65,38
C00974,Business,20.9,23
C00975,Starter,19.18,27
C00976,Starter,137.39,38
C00977,Starter,33.1,25
C00978,Starter,43.96,43
C00979,Starter,34.4,30
C00980,Free,24.19,35
C00981,Enterprise,38.37,37
C00982,Business,220.93,30
C00983,Business,110.48,3
C00984,Starter,25.68,21
C00985,Free,68.1,7
C00986,Business,26.04,24
C00987,Starter,14.09,7
C00988,Free,86.72,24
C00989,Starter,95.02,17
C00990,Business,88.23,1
C00991,Starter,32.94,6
C00992,Business,40.11,24
C00993,Business,72.77,4
C00994,Free,57.65,41
C00995,Business,34.61,36
C00996,Starter,15.61,34
C00997,Starter,48.14,9
C00998,Free,90.14,38
C00999,Enterprise,20.52,30
C01000,Free,67.71,19
C01001,Free,55.45,1
C01002,Starter,72.79,25
C01003,Free,78.79,38
C01004,Free,28.46,2
C01005,Starter,15.63,3
C01006,Starter,31.6,19
C01007,Business,79.67,25
C01008,Starter,31.43,23
C01009,Business,28.47,21
C01010,Starter,13.68,12
C01011,Starter,139.66,3
C01012,Starter,76.46,2
C01013,Starter,73.73,5
C01014,Enterprise,83.85,33
C01015,Starter,65.03,37
C01016,Free,38.14,21
C01017,Starter,40.19,4
C01018,Business,33.85,20
C01019,Free,247.79,47
C01020,Starter,64.16,12
C01021,Business,33.07,24
C01022,Business,60.5,26
C01023,Enterprise,23.17,16
C01024,Starter,118.86,21
C01025,Starter,29.09,23
C01026,Starter,61.91,23
C01027,Enterprise,89.38,34
C01028,Starter,57.4,28
C01029,Business,47.53,3
C01030,Starter,45.02,1
C01031,Starter,43.09,20
C01032,Business,30.73,43
C01033,Starter,33.38,2
C01034,Business,116.95,4
C01035,Starter,41.66,32
C01036,Starter,26.82,22
C01037,Starter,31.96,11
C01038,Starter,91.4,10
C01039,Starter,69.35,32
C01040,Free,64.34,25
C01041,Free,37.81,30
C01042,Starter,64.89,14
C01043,Starter,29.42,25
C01044,Starter,37.76,41
C01045,Free,83.96,15
C01046,Starter,78.91,19
C01047,Free,23.61,8
C01048,Business,25.63,31
C01049,Business,47.97,2
C01050,Free,137.27,12
C01051,Starter,12.87,34
C01052,Free,53.57,1
C01053,Free,18.28,47
C01054,Free,29.6,19
C01055,Free,35.27,19
C01056,Starter,34.01,26
C01057,Business,31.6,31
C01058,Free,44.91,22
C01059,Starter,31.57,42
C01060,Business,17.28,46
C01061,Enterprise,74.21,10
C01062,Starter,72.92,34
C01063,Free,77.33,15
C01064,Starter,16.42,47
C01065,Starter,54.29,12
C01066,Enterprise,69.37,14
C01067,Starter,22.87,34
C01068,Starter,44.97,38
C01069,Free,41.45,7
C01070,Starter,148.03,27
C01071,Business,156.17,17
C01072,Starter,15.15,29
C01073,Starter,226.12,27
C01074,Enterprise,24.66,47
C01075,Business,84.56,44
C01076,Starter,84.0,31
C01077,Starter,23.4,32
C01078,Starter,61.6,43
C01079,Starter,41.68,9
C01080,Starter,64.09,35
C01081,Free,51.93,37
C01082,Business,97.28,6
C01083,Business,46.95,42
C01084,Business,40.08,33
C01085,Enterprise,91.14,17
C01086,Business,65.19,23
C01087,Business,71.93,24
C01088,Business,29.02,44
C01089,Starter,22.66,46
C01090,Starter,30.91,38
C01091,Free,29.86,31
C01092,Starter,74.52,5
C01093,Free,84.3,43
C01094,Free,40.41,7
C01095,Starter,113.31,8
C01096,Starter,108.8,4
C01097,Free,52.36,45
C01098,Business,26.2,24
C01099,Business,124.46,12
C01100,Free,42.96,4
C01101,Free,48.52,20
C01102,Starter,35.85,35
C01103,Business,25.07,47
C01104,Business,17.21,26
C01105,Free,67.45,29
C01106,Business,26.86,40
C01107,Free,326.59,43
C01108,Starter,22.07,14
C01109,Enterprise,19.74,47
C01110,Free,62.28,25
C01111,Free,120.79,44
C01112,Starter,46.62,6
C01113,Starter,64.84,5
C01114,Enterprise,13.49,42
C01115,Enterprise,28.78,32
C01116,Free,22.25,9
C01117,Free,13.04,43
C01118,Business,48.23,5
C01119,Free,10.4,33
C01120,Business,18.93,10
C01121,Starter,31.53,4
C01122,Free,26.04,38
C01123,Business,57.84,40
C01124,Free,54.52,5
C01125,Starter,79.92,5
C01126,Starter,72.9,29
C01127,Starter,93.83,2
C01128,Starter,44.65,36
C01129,Starter,54.45,44
C01130,Enterprise,62.33,36
C01131,Enterprise,49.01,11
C01132,Starter,34.53,9
C01133,Free,36.01,32
C01134,Business,26.27,3
C01135,Enterprise,58.79,26
C01136,Starter,42.05,22
C01137,Starter,29.05,35
C01138,Starter,29.07,10
C01139,Free,20.35,36
C01140,Starter,84.46,33
C01141,Starter,47.04,12
C01142,Business,25.51,17
C01143,Business,75.61,4
C01144,Business,31.05,22
C01145,Starter,17.92,13
C01146,Starter,86.82,6
C01147,Business,31.53,27
C01148,Business,34.27,27
C01149,Starter,45.91,5
C01150,Business,93.94,9
C01151,Free,45.29,4
C01152,Business,20.5,32
C01153,Free,63.66,16
C01154,Free,32.61,4
C01155,Starter,152.5,10
C01156,Free,44.67,46
C01157,Free,10.46,13
C01158,Free,56.39,33
C01159,Starter,158.22,23
C01160,Business,124.51,9
C01161,Free,146.95,15
C01162,Starter,23.04,1
C01163,Business,80.87,36
C01164,Free,27.96,16
C01165,Free,51.72,24
C01166,Business,19.54,8
C01167,Business,29.4,39
C01168,Starter,28.8,11
C01169,Business,80.16,27
C01170,Free,75.22,42
C01171,Starter,53.51,34
C01172,Business,18.58,29
C01173,Free,36.5,42
C01174,Business,27.52,9
C01175,Starter,78.67,46
C01176,Business,96.14,27
C01177,Starter,88.82,20
C01178,Starter,27.36,13
C01179,Free,7.53,36
C01180,Free,14.17,46
C01181,Business,112.62,33
C01182,Free,34.44,2
C01183,Free,27.44,23
C01184,Free,130.03,35
C01185,Free,101.73,19
C01186,Business,45.42,37
C01187,Starter,36.94,34
C01188,Enterprise,41.02,4
C01189,Free,51.81,27
C01190,Starter,126.47,9
C01191,Starter,58.83,23
C01192,Starter,71.66,19
C01193,Business,95.59,38
C01194,Enterprise,20.9,41
C01195,Business,73.01,22
C01196,Free,36.91,26
C01197,Free,8.71,30
C01198,Starter,11.21,31
C01199,Free,23.06,30
C01200,Business,63.14,37
C01201,Starter,48.13,47
C01202,Starter,50.39,39
C01203,Business,158.87,7
C01204,Business,19.59,23
C01205,Free,43.91,22
C01206,Free,54.48,24
C01207,Starter,27.7,25
C01208,Starter,45.53,34
C01209,Free,15.8,20
C01210,Starter,111.77,13
C01211,Business,28.7,22
C01212,Business,167.4,41
C01213,Starter,43.77,15
C01214,Starter,87.2,1
C01215,Free,43.18,46
C01216,Starter,43.82,10
C01217,Starter,30.58,29
C01218,Starter,48.3,38
C01219,Starter,54.97,13
C01220,Free,26.85,16
C01221,Free,41.21,14
C01222,Free,30.07,8
C01223,Business,199.29,8
C01224,Starter,42.17,9
C01225,Free,122.05,22
C01226,Business,39.36,25
C01227,Starter,52.91,1
C01228,Starter,18.94,40
C01229,Enterprise,33.43,32
C01230,Free,51.26,4
C01231,Free,125.32,40
C01232,Starter,51.64,2
C01233,Free,109.88,27
C01234,Starter,67.79,22
C01235,Free,128.74,24
C01236,Free,43.02,45
C01237,Free,211.38,44
C01238,Starter,32.61,14
C01239,Free,27.16,28
C01240,Free,20.36,46
C01241,Business,203.4,35
C01242,Starter,76.15,42
C01243,Starter,35.97,21
C01244,Free,100.67,14
C01245,Starter,69.9,25
C01246,Free,160.45,39
C01247,Starter,16.34,44
C01248,Free,37.62,33
C01249,Business,33.09,34
C01250,Business,12.39,25
C01251,Free,89.05,16
C01252,Free,37.5,20
C01253,Free,72.3,24
C01254,Starter,207.23,39
C01255,Free,35.53,27
C01256,Business,34.0,38
C01257,Business,48.29,2
C01258,Business,84.92,36
C01259,Starter,30.93,24
C01260,Enterprise,29.66,47
C01261,Free,88.87,23
C01262,Starter,57.17,23
C01263,Starter,11.83,6
C01264,Enterprise,20.16,38
C01265,Starter,118.61,33
C01266,Business,58.05,41
C01267,Free,27.24,5
C01268,Enterprise,40.01,10
C01269,Starter,45.09,42
C01270,Starter,72.11,2
C01271,Enterprise,18.49,24
C01272,Starter,25.88,20
C01273,Starter,53.38,45
C01274,Starter,41.89,41
C01275,Free,64.83,43
C01276,Starter,20.1,14
C01277,Free,56.38,28
C01278,Free,90.88,33
C01279,Business,61.34,46
C01280,Starter,48.93,1
C01281,Starter,42.0,46
C01282,Starter,25.98,17
C01283,Starter,42.66,7
C01284,Starter,101.37,29
C01285,Business,41.37,37
C01286,Enterprise,25.07,7
C01287,Starter,32.46,2
C01288,Starter,50.94,43
C01289,Starter,35.07,44
C01290,Starter,61.28,8
C01291,Starter,62.79,43
C01292,Starter,79.67,43
C01293,Starter,112.77,47
C01294,Starter,85.4,11
C01295,Starter,24.36,28
C01296,Starter,24.85,47
C01297,Free,42.55,43
C01298,Free,33.34,29
C01299,Business,21.33,10
C01300,Starter,33.55,4
C01301,Free,32.84,13
C01302,Starter,28.88,4
C01303,Business,36.41,10
C01304,Free,96.16,4
C01305,Business,50.88,36
C01306,Business,222.89,28
C01307,Starter,49.94,25
C01308,Starter,37.02,39
C01309,Free,44.82,20
C01310,Enterprise,52.81,19
C01311,Starter,59.32,10
C01312,Business,172.41,21
C01313,Starter,25.8,9
C01314,Free,78.13,28
C01315,Free,51.16,47
C01316,Starter,16.1,26
C01317,Starter,73.77,15
C01318,Free,101.9,33
C01319,Business,25.61,39
C01320,Business,44.44,23
C01321,Starter,14.56,12
C01322,Starter,19.72,34
C01323,Free,88.34,9
C01324,Business,33.01,47
C01325,Starter,21.74,15
C01326,Business,51.89,17
C01327,Starter,31.83,35
C01328,Starter,32.92,1
C01329,Free,72.28,10
C01330,Free,21.01,6
C01331,Business,24.82,19
C01332,Starter,49.41,27
C01333,Starter,83.94,9
C01334,Enterprise,99.96,17
C01335,Enterprise,29.01,37
C01336,Business,82.21,45
C01337,Free,26.85,1
C01338,Starter,146.5,30
C01339,Business,21.39,2
C01340,Starter,106.01,25
C01341,Free,29.17,42
C01342,Business,165.44,38
C01343,Starter,65.65,11
C01344,Starter,23.09,13
C01345,Enterprise,31.83,37
C01346,Starter,74.27,39
C01347,Starter,88.61,14
C01348,Starter,42.69,1
C01349,Starter,46.02,21
C01350,Free,73.18,30
C01351,Business,48.7,21
C01352,Business,19.28,44
C01353,Free,26.35,39
C01354,Starter,52.08,38
C01355,Business,98.5,1
C01356,Free,127.79,41
C01357,Starter,74.19,36
C01358,Starter,53.88,19
C01359,Starter,72.73,28
C01360,Free,28.98,39
C01361,Starter,40.46,43
C01362,Starter,26.16,26
C01363,Starter,19.85,2
C01364,Free,55.52,30
C01365,Starter,50.43,32
C01366,Starter,69.89,3
C01367,Free,63.75,39
C01368,Free,52.34,10
C01369,Free,64.19,42
C01370,Starter,43.48,26
C01371,Free,58.46,16
C01372,Enterprise,27.88,3
C01373,Starter,56.84,1
C01374,Business,69.03,35
C01375,Enterprise,28.93,18
C01376,Free,46.23,40
C01377,Starter,29.8,11
C01378,Business,31.75,44
C01379,Starter,21.52,45
C01380,Starter,101.77,5
C01381,Starter,89.36,31
C01382,Free,63.39,45
C01383,Starter,161.08,16
C01384,Enterprise,39.53,4
C01385,Enterprise,320.74,42
C01386,Free,38.56,23
C01387,Business,52.77,2
C01388,Starter,34.52,40
C01389,Business,56.94,32
C01390,Free,76.95,4
C01391,Enterprise,41.51,13
C01392,Business,141.86,1
C01393,Free,52.22,45
C01394,Free,53.29,2
C01395,Business,24.76,38
C01396,Free,58.68,25
C01397,Starter,40.97,28
C01398,Business,30.1,39
C01399,Starter,26.99,43
C01400,Starter,253.83,6
C01401,Starter,37.67,1
C01402,Free,17.34,6
C01403,Enterprise,28.39,33
C01404,Starter,43.23,27
C01405,Free,63.77,4
C01406,Free,64.11,12
C01407,Enterprise,69.39,26
C01408,Free,29.4,35
C01409,Business,55.77,17
C01410,Business,25.29,45
C01411,Business,29.88,47
C01412,Enterprise,24.62,37
C01413,Business,20.65,22
C01414,Enterprise,89.28,42
C01415,Free,69.94,35
C01416,Business,84.34,25
C01417,Starter,45.86,21
C01418,Starter,74.06,40
C01419,Business,14.23,27
C01420,Enterprise,78.34,9
C01421,Business,50.16,47
C01422,Starter,67.2,4
C01423,Starter,57.23,33
C01424,Starter,23.53,31
C01425,Starter,16.88,28
C01426,Starter,28.14,3
C01427,Free,64.53,24
C01428,Free,70.0,42
C01429,Business,18.37,12
C01430,Starter,23.62,33
C01431,Enterprise,27.94,41
C01432,Starter,35.44,45
C01433,Free,18.44,25
C01434,Free,17.74,15
C01435,Free,26.2,33
C01436,Enterprise,47.28,23
C01437,Free,20.75,30
C01438,Starter,41.46,35
C01439,Enterprise,88.95,34
C01440,Enterprise,19.18,12
C01441,Free,39.09,36
C01442,Free,87.02,26
C01443,Free,34.06,44
C01444,Free,30.79,31
C01445,Free,95.23,42
C01446,Starter,36.63,47
C01447,Business,91.64,47
C01448,Starter,59.08,36
C01449,Starter,35.77,29
C01450,Free,61.06,6
C01451,Business,55.05,19
C01452,Starter,86.8,23
C01453,Business,31.3,37
C01454,Enterprise,45.91,28
C01455,Starter,42.95,21
C01456,Free,70.65,7
C01457,Free,22.96,34
C01458,Starter,86.58,21
C01459,Enterprise,60.53,2
C01460,Starter,18.99,14
C01461,Business,98.04,42
C01462,Starter,190.98,6
C01463,Free,85.73,20
C01464,Starter,113.02,25
C01465,Starter,47.25,4
C01466,Starter,15.18,8
C01467,Starter,13.48,45
C01468,Free,52.76,28
C01469,Business,30.42,10
C01470,Free,24.67,8
C01471,Enterprise,42.91,21
C01472,Free,66.7,35
C01473,Free,17.39,35
C01474,Starter,33.39,10
C01475,Starter,119.27,35
C01476,Starter,22.22,43
C01477,Starter,78.68,11
C01478,Enterprise,32.62,2
C01479,Starter,63.74,46
C01480,Starter,91.22,25
C01481,Starter,72.37,37
C01482,Free,80.72,16
C01483,Starter,21.15,15
C01484,Free,92.19,11
C01485,Starter,25.68,11
C01486,Free,52.92,23
C01487,Enterprise,52.87,5
C01488,Starter,61.27,40
C01489,Business,55.65,25
C01490,Starter,25.83,44
C01491,Free,18.59,24
C01492,Business,78.81,15
C01493,Starter,50.44,25
C01494,Business,94.36,8
C01495,Starter,43.42,39
C01496,Starter,17.93,34
C01497,Business,83.76,7
C01498,Starter,35.14,28
C01499,Starter,55.83,26
C01500,Starter,29.35,10
C01501,Starter,130.16,6
C01502,Enterprise,25.29,36
C01503,Starter,35.9,13
C01504,Starter,47.93,25
C01505,Business,21.98,12
C01506,Starter,55.41,31
C01507,Business,127.45,3
C01508,Starter,32.5,17
C01509,Free,57.79,26
C01510,Business,7.48,21
C01511,Free,43.58,29
C01512,Free,36.47,9
C01513,Starter,26.26,21
C01514,Business,90.28,36
C01515,Business,36.16,16
C01516,Free,39.83,8
C01517,Free,34.98,40
C01518,Enterprise,12.86,37
C01519,Free,21.42,32
C01520,Free,83.49,38
C01521,Free,11.34,37
C01522,Starter,27.16,36
C01523,Business,34.47,24
C01524,Business,138.84,1
C01525,Business,73.67,29
C01526,Free,31.12,13
C01527,Starter,104.37,37
C01528,Starter,27.62,23
C01529,Free,86.13,43
C01530,Free,18.48,28
C01531,Starter,89.8,26
C01532,Free,34.33,44
C01533,Starter,22.91,23
C01534,Business,38.82,18
C01535,Free,53.53,18
C01536,Starter,32.41,42
C01537,Business,64.08,36
C01538,Business,30.6,8
C01539,Business,66.9,24
C01540,Starter,59.59,18
C01541,Business,42.97,31
C01542,Free,33.55,3
C01543,Starter,49.33,34
C01544,Free,63.92,35
C01545,Starter,170.74,11
C01546,Starter,82.32,8
C01547,Free,84.3,30
C01548,Business,332.8,13
C01549,Starter,62.51,45
C01550,Free,61.25,37
C01551,Free,70.64,45
C01552,Starter,23.2,26
C01553,Starter,33.5,45
C01554,Starter,32.17,1
C01555,Free,68.1,14
C01556,Business,39.92,1
C01557,Enterprise,48.9,32
C01558,Starter,90.64,25
C01559,Starter,78.34,14
C01560,Business,40.24,15
C01561,Enterprise,28.92,31
C01562,Starter,93.5,9
C01563,Business,73.92,25
C01564,Business,15.74,29
C01565,Business,36.47,12
C01566,Starter,49.78,11
C01567,Free,74.16,17
C01568,Free,80.77,28
C01569,Starter,53.76,12
C01570,Starter,65.39,18
C01571,Starter,46.6,26
C01572,Starter,28.85,9
C01573,Starter,37.72,27
C01574,Business,45.26,7
C01575,Free,43.7,7
C01576,Free,13.12,12
C01577,Business,34.52,14
C01578,Business,46.36,2
C01579,Enterprise,37.23,46
C01580,Business,38.08,15
C01581,Business,61.39,38
C01582,Starter,22.17,43
C01583,Starter,15.51,38
C01584,Free,35.65,40
C01585,Starter,73.46,5
C01586,Enterprise,133.88,18
C01587,Starter,74.32,36
C01588,Starter,17.21,28
C01589,Free,38.43,1
C01590,Free,52.82,27
C01591,Free,50.17,38
C01592,Free,63.47,39
C01593,Enterprise,24.63,19
C01594,Starter,46.63,12
C01595,Business,58.75,15
C01596,Starter,76.45,14
C01597,Free,26.48,17
C01598,Free,35.72,15
C01599,Business,7.71,22
C01600,Free,29.85,2
C01601,Business,31.79,13
C01602,Free,23.04,15
C01603,Starter,49.78,8
C01604,Business,43.1,42
C01605,Free,10.29,32
C01606,Free,51.42,43
C01607,Enterprise,24.45,27
C01608,Free,61.29,6
C01609,Starter,19.43,43
C01610,Starter,45.58,22
C01611,Free,37.19,33
C01612,Business,54.44,18
C01613,Business,48.48,24
C01614,Starter,37.87,23
C01615,Business,16.47,14
C01616,Free,17.11,27
C01617,Free,30.58,35
C01618,Starter,44.46,1
C01619,Enterprise,30.1,7
C01620,Free,67.11,40
C01621,Free,37.28,27
C01622,Starter,23.87,46
C01623,Business,37.31,29
C01624,Free,51.77,31
C01625,Starter,55.21,43
C01626,Business,151.55,32
C01627,Starter,28.94,16
C01628,Free,42.62,25
C01629,Free,58.97,12
C01630,Starter,44.03,16
C01631,Starter,32.28,32
C01632,Business,16.33,8
C01633,Starter,32.07,32
C01634,Starter,22.24,28
C01635,Enterprise,14.55,15
C01636,Starter,26.65,3
C01637,Starter,22.63,34
C01638,Business,65.33,39
C01639,Free,66.07,35
C01640,Business,24.84,20
C01641,Business,37.74,31
C01642,Free,13.36,20
C01643,Starter,32.42,17
C01644,Free,57.94,16
C01645,Free,76.42,10
C01646,Starter,28.12,46
C01647,Free,88.56,32
C01648,Business,16.69,9
C01649,Business,19.87,41
C01650,Business,70.9,8
C01651,Free,132.45,28
C01652,Free,61.6,8
C01653,Free,43.54,17
C01654,Free,10.73,31
C01655,Enterprise,12.01,47
C01656,Starter,48.62,47
C01657,Free,35.42,43
C01658,Business,21.78,12
C01659,Starter,46.65,5
C01660,Free,48.17,43
C01661,Free,82.59,44
C01662,Starter,48.85,14
C01663,Business,99.33,1
C01664,Free,44.93,31
C01665,Business,41.47,4
C01666,Business,89.28,2
C01667,Business,23.67,45
C01668,Free,278.49,24
C01669,Free,57.05,6
C01670,Business,57.26,31
C01671,Starter,62.89,18
C01672,Starter,151.43,26
C01673,Business,74.82,43
C01674,Free,15.75,12
C01675,Business,111.3,31
C01676,Enterprise,35.82,39
C01677,Business,47.93,20
C01678,Starter,19.46,46
C01679,Business,62.93,22
C01680,Starter,29.27,22
C01681,Business,47.71,42
C01682,Business,37.16,30
C01683,Business,156.22,41
C01684,Free,162.14,38
C01685,Free,46.07,34
C01686,Free,46.6,12
C01687,Starter,35.07,19
C01688,Starter,91.74,41
C01689,Starter,36.1,29
C01690,Starter,33.99,14
C01691,Business,84.44,16
C01692,Business,31.5,37
C01693,Free,43.62,9
C01694,Business,15.99,6
C01695,Starter,70.65,36
C01696,Starter,157.84,14
C01697,Free,71.44,36
C01698,Business,115.6,26
C01699,Enterprise,25.79,47
C01700,Business,52.12,25
C01701,Business,24.21,41
C01702,Enterprise,38.55,40
C01703,Starter,73.84,10
C01704,Starter,47.76,47
C01705,Starter,17.85,36
C01706,Enterprise,19.02,6
C01707,Free,18.21,1
C01708,Starter,61.53,13
C01709,Business,170.98,1
C01710,Free,108.38,17
C01711,Business,13.03,47
C01712,Starter,112.58,23
C01713,Enterprise,82.16,2
C01714,Business,16.37,24
C01715,Starter,36.71,11
C01716,Business,91.11,41
C01717,Starter,63.93,5
C01718,Starter,19.09,37
C01719,Starter,66.49,21
C01720,Business,11.14,1
C01721,Free,38.67,32
C01722,Free,93.66,22
C01723,Business,45.24,37
C01724,Starter,32.32,30
C01725,Starter,79.68,38
C01726,Free,84.23,22
C01727,Starter,104.74,1
C01728,Business,78.91,7
C01729,Free,90.28,22
C01730,Starter,71.98,19
C01731,Enterprise,53.12,38
C01732,Free,47.38,20
C01733,Business,38.31,41
C01734,Free,20.33,9
C01735,Business,24.02,19
C01736,Business,37.21,36
C01737,Business,52.3,6
C01738,Free,114.04,16
C01739,Starter,43.5,36
C01740,Business,85.82,28
C01741,Free,90.16,37
C01742,Free,38.46,25
C01743,Free,65.8,41
C01744,Enterprise,38.16,42
C01745,Business,105.57,46
C01746,Starter,67.58,6
C01747,Business,20.62,28
C01748,Starter,49.65,6
C01749,Starter,130.49,11
C01750,Starter,39.73,15
C01751,Starter,59.8,31
C01752,Free,63.74,21
C01753,Business,22.79,41
C01754,Business,62.3,15
C01755,Starter,18.07,30
C01756,Starter,29.77,36
C01757,Free,89.95,47
C01758,Enterprise,56.37,12
C01759,Business,36.67,35
C01760,Business,59.75,4
C01761,Starter,42.99,26
C01762,Free,45.07,20
C01763,Free,68.51,46
C01764,Free,27.86,37
C01765,Free,45.89,44
C01766,Free,36.49,40
C01767,Enterprise,15.95,20
C01768,Free,24.57,35
C01769,Free,123.88,2
C01770,Business,57.4,27
C01771,Starter,18.91,3
C01772,Business,16.42,35
C01773,Starter,41.56,46
C01774,Business,123.32,33
C01775,Starter,39.59,40
C01776,Starter,104.54,12
C01777,Business,56.19,47
C01778,Starter,60.72,26
C01779,Starter,18.76,32
C01780,Starter,82.22,37
C01781,Free,35.96,31
C01782,Business,78.34,15
C01783,Free,26.33,29
C01784,Free,50.15,31
C01785,Free,56.19,41
C01786,Business,40.44,23
C01787,Starter,58.15,24
C01788,Starter,37.59,24
C01789,Business,29.32,6
C01790,Free,126.92,5
C01791,Business,88.4,1
C01792,Starter,27.26,32
C01793,Free,64.68,20
C01794,Starter,27.58,41
C01795,Business,20.7,34
C01796,Free,87.53,7
C01797,Starter,14.77,5
C01798,Free,81.65,18
C01799,Starter,37.93,44
C01800,Starter,38.96,3
